/*
 Navicat Premium Data Transfer

 Source Server         : xw
 Source Server Type    : MySQL
 Source Server Version : 50646
 Source Host           : localhost:3306
 Source Schema         : News

 Target Server Type    : MySQL
 Target Server Version : 50646
 File Encoding         : 65001

 Date: 02/01/2020 15:11:03
*/

SET NAMES utf8mb4;
SET FOREIGN_KEY_CHECKS = 0;

-- ----------------------------
-- Table structure for t_article
-- ----------------------------
DROP TABLE IF EXISTS `t_article`;
CREATE TABLE `t_article`  (
  `id` int(11) NOT NULL AUTO_INCREMENT,
  `title` varchar(50) CHARACTER SET utf8 COLLATE utf8_general_ci NULL DEFAULT NULL COMMENT '标题',
  `publish_time` date NULL DEFAULT NULL COMMENT '发布日期',
  `author` varchar(20) CHARACTER SET utf8 COLLATE utf8_general_ci NULL DEFAULT NULL COMMENT '作者',
  `intro` varchar(100) CHARACTER SET utf8mb4 COLLATE utf8mb4_general_ci NULL DEFAULT NULL COMMENT '简介',
  `content` text CHARACTER SET utf8mb4 COLLATE utf8mb4_general_ci NULL COMMENT '正文',
  `image_url` varchar(30) CHARACTER SET utf8mb4 COLLATE utf8mb4_general_ci NULL DEFAULT NULL COMMENT '图片url',
  `key_words` varchar(50) CHARACTER SET utf8 COLLATE utf8_general_ci NULL DEFAULT NULL COMMENT '关键字',
  `like_number` int(11) NULL DEFAULT NULL COMMENT '点赞数',
  `category_id` int(11) NULL DEFAULT NULL COMMENT '分类id',
  PRIMARY KEY (`id`) USING BTREE,
  INDEX `fk_article_category`(`category_id`) USING BTREE,
  CONSTRAINT `fk_article_category` FOREIGN KEY (`category_id`) REFERENCES `t_category` (`id`) ON DELETE RESTRICT ON UPDATE RESTRICT
) ENGINE = InnoDB AUTO_INCREMENT = 14 CHARACTER SET = utf8mb4 COLLATE = utf8mb4_general_ci COMMENT = '新闻表' ROW_FORMAT = Compact;

-- ----------------------------
-- Records of t_article
-- ----------------------------
INSERT INTO `t_article` VALUES (1, '中共中央政治局召开专题民主生活会', '2019-12-10', '央视网 ', '中共中央政治局于12月26日至27日召开“不忘初心、牢记使命”专题民主生活会。会议认真学习贯彻党的十九届四中全会精神，紧扣学习贯彻习近平新时代中国特色社会主义思想这一主线......', '央视网消息（新闻联播）：中共中央政治局于12月26日至27日召开“不忘初心、牢记使命”专题民主生活会。会议认真学习贯彻党的十九届四中全会精神，紧扣学习贯彻习近平新时代中国特色社会主义思想这一主线，聚焦“不忘初心、牢记使命”这一主题，贯彻“守初心、担使命，找差距、抓落实”的总要求，围绕理论学习有收获、思想政治受洗礼、干事创业敢担当、为民服务解难题、清正廉洁作表率的目标，按照“四个对照”“四个找一找”的要求，交流思想、检视问题、深刻剖析，开展批评和自我批评。\n\n　　中共中央总书记习近平主持会议并发表重要讲话。\n\n　　会前，中央政治局的同志同有关负责同志谈心谈话，进行调研和思考，撰写发言材料。会议首先审议了《关于2019年中央政治局贯彻执行中央八项规定情况的报告》和《关于解决形式主义突出问题为基层减负工作情况的报告》。随后，中央政治局的同志逐个发言，按照要求进行对照检查。', '/image/article/1.jpg', '民主生活会', 39, 1);
INSERT INTO `t_article` VALUES (2, '哈空难中国幸存乘客：和外籍丈夫出差 他把我拖出飞机', '2019-12-27', '人民日报', '27日19时，中国驻阿拉木图总领事馆工作人员告诉南都记者，经确认，飞机上的这位中国公民此次系和其丈夫（非中国籍）一起出差。据该工作人员介绍，这对夫妻当时坐在安全门附近，事发后，这位女士的丈夫及时打开了', '12月27日，在哈萨克斯坦阿拉木图附近，救援人员在清理坠机现场。新华社/路透\n\n27日19时，中国驻阿拉木图总领事馆工作人员告诉南都记者，经确认，飞机上的这位中国公民此次系和其丈夫（非中国籍）一起出差。据该工作人员介绍，这对夫妻当时坐在安全门附近，事发后，这位女士的丈夫及时打开了安全门，帮助飞机上的其他乘客逃离。两人也在第一时间撤离，并未受伤。\n\n“我到现在还处于一种语无伦次的状态，手还在抖。感觉自己的意识还不清醒。”虽然距离事发已过去10个小时，但回忆起当时的情形，这位女士还心有余悸。 “飞机起飞后两分钟左右，我们开始感觉到剧烈的摇晃。我看过飞机失事的电影，但我感觉真实的情形比那些还可怕。可能就是几秒钟的时间，人就没有了。”\n\n据这位女士介绍，自己的丈夫在登机时曾告诉自己，“感觉飞机老旧”。“我觉得他有第六感。他一直闷闷不乐的感觉，在研究我们座位旁边的安全门。幸亏他当时非常冷静、迅速地把安全门打开。把我先拖出来，然后其他的乘客也出来了。”\n\n这位女士向南都记者介绍，自己已经在哈萨克斯坦生活工作了十几年，主要做石油方面的培训。“这一次我正好带我老公来出差，因为带了一些新年礼物，我一个人拿不动。”她感叹，“活着是万幸，所以我们都应该好好珍惜生命。”\n\n据南都此前报道，12月27日7时22分（北京时间9时22分），Bek Air航空公司Z92100航班起飞时下坠，撞到混凝土护栏，并扎进一栋二层楼房。哈萨克斯坦民航委员会表示，这架飞机载有93名乘客和5名机组人员。乘客中包括4名外籍公民：两名乌克兰公民、一名吉尔吉斯斯坦公民和一名中国公民，4人均生还。\n\n(来源:南方都市报)', '/image/article/2.jpg', '哈空难 ', 20, 3);
INSERT INTO `t_article` VALUES (3, '庆余年：五竹只身一人拦下林珙一行，将他们全部消灭，霸气！', '2019-12-27', '手机中国网', '范闲找叶灵儿询问林珙的下落，确定他已经离开京都，便立刻骑马前去找王启年打算追上去。\r\n\r\n\r\n\r\n另一边，林珙带着一群人来到一间了僻静院子，准备住下休息一晚，之后再往南边走，这时，五竹突然出现了，既然', '范闲找叶灵儿询问林珙的下落，确定他已经离开京都，便立刻骑马前去找王启年打算追上去。\n\n\n\n另一边，林珙带着一群人来到一间了僻静院子，准备住下休息一晚，之后再往南边走，这时，五竹突然出现了，既然他赶上了他，那他自然也走不了了。\n\n\n\n范闲带着王启年打算从林府门口开始追踪，路上却碰见了二皇子。二皇子问范闲可是要找林珙，并告知他今日清晨林珙和太子在书房见面后，便已带着高手离开京都，他还打算让贴身侍卫谢必安帮助范闲，但范闲拒绝了。\n\n\n\n另一边，五竹只身拦下林珙一行，林珙开始还不将他放在眼里，但很快，他就再也没能睁开眼睛。\n\n\n\n朱格在鉴查院处理公事时收到一封密信，立即带人出城，果然发现林珙一行人死在别院中。朱格将林珙的尸体带回鉴查院，林珙死于剑伤，京城能有如此武艺着，只有二皇子的护卫谢必安，两人便打算禀告陛下，让他定夺 此事。非常感谢大家观看小编的文章，今天的分享就到这里了，欢迎大家在下方留言！', '/image/article/3.jpg', '庆余年', 40, 6);
INSERT INTO `t_article` VALUES (4, '习近平对京张高铁开通运营作出重要指示强调 京张高铁建成投运意义重大 冬奥会各项筹备工作都要高标准高质', '2019-12-11', ' 新华网', '新华社北京12月30日电  北京至张家口高速铁路12月30日开通运营，中共中央总书记、国家主席、中央军委主席习近平作出重要指示。他指出，1909年，京张铁路建成；2019年，京张高铁通车......', '新华社北京12月30日电  北京至张家口高速铁路12月30日开通运营，中共中央总书记、国家主席、中央军委主席习近平作出重要指示。他指出，1909年，京张铁路建成；2019年，京张高铁通车。从自主设计修建零的突破到世界最先进水平，从时速35公里到350公里，京张线见证了中国铁路的发展，也见证了中国综合国力的飞跃。回望百年历史，更觉京张高铁意义重大。谨向参与规划建设的全体同志致以热烈的祝贺和新年的问候！\r\n\r\n　　习近平强调，京张高铁是北京冬奥会的重要配套工程，其开通运营标志着冬奥会配套建设取得了新进展，其他各项筹备工作也都要高标准、高质量推进，确保冬奥会如期顺利举办。\r\n\r\n　　京张高铁是国家《中长期铁路网规划》中“八纵八横”京兰通道的重要组成部分，也是北京冬奥会重要配套基础设施工程，于2015年12月开工建设。京张高铁由我国自主设计建造，是世界上最先进的时速350公里的智能高速铁路。开通后，北京至张家口太子城的冬奥会主赛场可在1小时内通达；与连接开通的张家口至呼和浩特、张家口至大同高铁相衔接，北京至呼和浩特可在2小时20分钟左右通达，北京至大同可在1小时40分钟左右通达。', '/image/article/4.jpg', '习近平', 50, 1);
INSERT INTO `t_article` VALUES (5, '法国大罢工持续近一月 马克龙新年致辞能否平“民愤”？', '2019-11-29', '中新网', '中新网12月30日电 据欧洲时报报道，法国大罢工持续已近一个月，公共交通网络仍处于中断，没有任何好转迹象。12月31日晚，法国总统马克龙将发表新年讲话，他能否平息“民愤”？政府和反对派都对马克龙的讲话', '中新网12月30日电 据欧洲时报报道，法国大罢工持续已近一个月，公共交通网络仍处于中断，没有任何好转迹象。12月31日晚，法国总统马克龙将发表新年讲话，他能否平息“民愤”？政府和反对派都对马克龙的讲话，抱有期待。大罢工继续\r\n\r\n12月28日，逾万人走上法国街头，反对退休改革。法国铁路和巴黎地铁、公交罢工继续。\r\n\r\n12月29日，法国铁路公司表示区间快车TER保留40%的运力，快铁TGV保留60%的运力，而巴黎大区铁路网Transilien保留了20%的运力。巴黎16条地铁线中13条完全关闭。', '/image/article/5.jpg', '法国大罢工', 25, 1);
INSERT INTO `t_article` VALUES (6, '易建联乡下祖屋照片！三层楼房很漂亮，阿联父母在深圳住普通小区', '2019-12-07', '学姐看体育', 'CBA广东宏远队的核心无疑是易建联，因为有这样能力强的内线，杜锋可以打小外援战术。这几天易建联迎来两个喜讯：第一，他在CBA全明星官方投票中，连续三年成为票；第二，他入选了新华社体育部评定的“2019', 'CBA广东宏远队的核心无疑是易建联，因为有这样能力强的内线，杜锋可以打小外援战术。这几天易建联迎来两个喜讯：第一，他在CBA全明星官方投票中，连续三年成为票；第二，他入选了新华社体育部评定的“2019年中国十佳运动员”，成为三大球唯一入选的男子运动员。\r\n\r\nCBA广东宏远队的核心无疑是易建联，因为有这样能力强的内线，杜锋可以打小外援战术。这几天易建联迎来两个喜讯：第一，他在CBA全明星官方投票中，连续三年成为票；第二，他入选了新华社体育部评定的“2019年中国十佳运动员”，成为三大球唯一入选的男子运动员。\r\nCBA广东宏远队的核心无疑是易建联，因为有这样能力强的内线，杜锋可以打小外援战术。这几天易建联迎来两个喜讯：第一，他在CBA全明星官方投票中，连续三年成为票；第二，他入选了新华社体育部评定的“2019年中国十佳运动员”，成为三大球唯一入选的男子运动员。而在场外，易建联的生活也很幸福。他的父母住在深圳，妻子和两个儿子则住在东莞，平时易建联训练完毕、主场比赛结束后，会开车回家，而不像年轻队员那样住在俱乐部宿舍。易建联的老家在广东省鹤山市沙坪镇坡山村西头村5号，很多人都知道他的籍贯在此地，其实这也是易建联的出生地。原来，上个世纪80年代，易建联的父母都在广东省手球队（位于广州）打球，但后来球队解散，他们便回到鹤山，并生下了易建联。几年后，父母带着幼子去深圳发展。易建联在深圳长大，但13岁便去东莞，成为广东宏远俱乐部的队员。2002-03赛季是易建联的新秀赛季，16岁的他一出现便引起了高度关注。2007年，年仅20岁的易建联参加NBA选秀大会，并以第一轮第6位被密尔沃基雄鹿队选中。这之后，易建联还在新泽西篮网、华盛顿奇才、达拉斯小牛、洛杉矶湖人队待过，他的NBA单场最高得分为31分，单场篮板球最高为13个。可以说，易建联是继姚明之后又一位在NBA真正站稳过脚跟的中国球员。', '/image/article/6.jpg', '易建联', 66, 2);
INSERT INTO `t_article` VALUES (7, '2032年奥运会再起风波！举办权成烫手山芋，巴赫却点名中国三城市', '2019-11-08', '逸联体育', '距离2020年东京奥运会开幕已经不到一年的时间了，各国的奥运军团早已摩拳擦掌，要在奥运会舞台上为自己的国家争金夺银。作为世界上最大的运动省会，一直以来奥运会都有着重大的影响，特别是那些举办奥运会的国家', '距离2020年东京奥运会开幕已经不到一年的时间了，各国的奥运军团早已摩拳擦掌，要在奥运会舞台上为自己的国家争金夺银。作为世界上最大的运动省会，一直以来奥运会都有着重大的影响，特别是那些举办奥运会的国家，他们将获得了来自全世界的关注和目光。就拿中国来举例，中国成功举办的2008年北京奥运会让全世界为之疯狂，同时还大大提升了中国的国力，和在世界舞台的影响力。另外，中国的体育事业因为那次成功的奥运会得到了快速的发展，进入了全民体育的时代，大大增强了国人的身体素质。在北京奥运会后，英国的伦敦和巴西的里约也举办了奥运会，但其的影响力跟北京奥运会相比，差距非常大。但伦敦和里约的资金投入确实北京的数倍，高额的资金投入却得不到应有的回报，也让近些年的奥运会举办权成为了烫手山芋，各个大国纷纷避而远之。为了摆脱这种尴尬的局面，国际奥委会不得不采取了游说的方式，希望能有国家主动提出申办意愿。在一次来到中国参加活动时，国际奥委会巴赫直接点名中国的上海、深圳、武汉三个城市，他认为中国作为一个大国，这三个大城市具备举办夏季奥运会的所有条件。', '/image/article/7.jpg', '奥运会', 33, 2);
INSERT INTO `t_article` VALUES (8, '张召忠解读山东舰穿台海：可能回大连也可能出岛链', '2019-12-21', '新浪军事', '　据台湾《中时电子报》报道，台湾“国防部”声称，12月26日山东舰在护卫舰的伴随下，由南向北航经台湾海峡。台湾“国防部”还称，台湾方面运用联合情报监侦系统，全程掌握与监控了这一动向。11月17日，在还', '　据台湾《中时电子报》报道，台湾“国防部”声称，12月26日山东舰在护卫舰的伴随下，由南向北航经台湾海峡。台湾“国防部”还称，台湾方面运用联合情报监侦系统，全程掌握与监控了这一动向。11月17日，在还未正式服役之前，山东舰就曾由北向南自东海驶入台湾海峡。当时解放军海军新闻发言人程德伟表示，此次组织山东舰跨区开展试验和训练，是航母建造过程中的正常安排，不针对任何特定目标，与当前的局势无关。不到两个月的时间里第二次穿越台湾海峡了。　11月17日，在还未正式服役之前，山东舰就曾由北向南自东海驶入台湾海峡。当时解放军海军新闻发言人程德伟表示，此次组织山东舰跨区开展试验和训练，是航母建造过程中的正常安排，不针对任何特定目标，与当前的局势无关。　虽然对于此次航母穿越台湾海峡，官方还未做出回应，但在12月26日的例行记者会上，在被提问山东舰目前运行情况如何时，中国国防部新闻局局长、国防部新闻发言人吴谦大校回答：　简单回答就是四个字：一切顺利。山东舰入列以后将按计划继续开展试验工作和编队训练，通过训练形成编队体系作战能力。我们将根据形势任务需要，综合考虑山东舰的部署和使用。', '/image/article/8.jpg', '张召忠', 15, 3);
INSERT INTO `t_article` VALUES (9, '从酒吧驻唱到古风博主 李子柒塑商业矩阵', '2019-12-30', '新浪科技', '春风秋凉的乡野山涧间，李子柒用一段段视频，呈现着中国人传统而本真的生活方式，这恰恰是都市人难以触达的“出世”情节……　近两个月来，她的名字频繁登上微博热搜。走红之路，质疑与争议从未停止。一场关乎文化输', '春风秋凉的乡野山涧间，李子柒用一段段视频，呈现着中国人传统而本真的生活方式，这恰恰是都市人难以触达的“出世”情节……　近两个月来，她的名字频繁登上微博热搜。走红之路，质疑与争议从未停止。一场关乎文化输出的争论正在升温。　有人问及她的理想，答案就如视频中般平静淡雅：无忧无虑，自给自足，踏踏实实，生活到老。　　第一网红？争议不断李子柒从小跟着爷爷奶奶在乡下生活，十几岁去城里打工，做过餐馆服务员，也做过酒吧DJ。2012年，因为奶奶生病，22岁的李子柒回到四川绵阳老家，一边开网店一边照顾老人，为了提升网店销量，她开始尝试拍视频。　从2016年拍摄第一支视频开始，到2019年底红得发紫，李子柒花了3年。她的视频简单又复杂，简单在于是许多人熟悉的农村生活，春种秋收，厨房的老式炉灶，唤起了不少人的记忆；复杂在于，和其他网红相比，她的视频周期极长，以最新的一期“黄豆酱油”为例，从种豆、收获、存储，到制曲、晾晒和最后的熬煮，前后跨度一年半不止，观看的人无不震惊和感动，认为李子柒就是勤劳耐苦和匠心精神的化身，且她的视频帧帧如画，古风古韵，制作水平几乎比肩电影，且3年来稳定如一。　相比于陶渊明，李子柒呈现的方式更直观。挂满瓜果的院子，构成一幅色彩绚烂的油画，这是陶渊明笔下的“忽逢桃花林，夹岸数百步，中无杂树，芳草鲜美，落英缤纷”；李子柒养了几条狗，还有鸡、牛、羊等等，这是“阡陌交通，鸡犬相闻”；傍晚时分是李子柒最常展示的时间之一，这时她会和奶奶坐在院口，享受一天劳累过后美味的晚餐，这是“黄发垂髫，并怡然自乐”（当然李子柒已不是黄发小儿）。在现代社会，陶渊明已经成为昨夜星辰，但李子柒的出现，让田园、理想生活又有了栖息地。都说她不食人间烟火，但她却最懂人间烟火。', '/image/article/9.jpg', '李子柒', 66, 4);
INSERT INTO `t_article` VALUES (10, 'OPPO吴强：视频将成为主打产品方向 2020年不会出现5G换机潮', '2019-12-30', '环球网', '环球网科技综合报道】“对于移动通信行业来说，去年5G技术就已经开始成为大家讨论的热门话题。2019年是公认的5G商用元年，随着技术、方案的成熟以及运营商的推动，5G终端的发展越来越快。”OPPO副总裁', '【环球网科技综合报道】“对于移动通信行业来说，去年5G技术就已经开始成为大家讨论的热门话题。2019年是公认的5G商用元年，随着技术、方案的成熟以及运营商的推动，5G终端的发展越来越快。”OPPO副总裁、全球销售总裁吴强在12月26日举行的OPPO Reno3系列新品发布会后说道。他透露，OPPO明年上半年在中国市场推出的售价3000元以上的都将为5G新品，随着技术和整个产业链的不断成熟，预计到明年暑期会在2000元-3000元左右的价位档推出5G产品。本次发布会上，OPPO正式发布其首款5G双模手机OPPO Reno3系列——Reno3 Pro和Reno3，作为承载创造力基因的OPPO Reno系列中的第三代产品，该系列将用强大的视频创作能力、极致轻薄的产品设计与显著优化的5G性能为用户提供更成熟、完善的5G手机体验。定位5G视频手机 满足用户核心需求洞察用户的核心需求是OPPO做产品的原则之一，在此理念指导下，OPPO打造了美颜自拍功能时代。而如今，随着视频在消费者的日常生活中变得越来越普遍，以及4G时代年轻人对于短视频平台的追捧，OPPO预见到，视频应用将成为未来5G时代热门应用，因此OPPO Reno3系列选择以 5G 视频手机为定位。吴强表示：”过去的产品在视频拍摄方面并没有特别多的琢磨和钻研，在预见到这一应用之后，也与很多用户进行了交流反馈，到底他们了解其在用手机视频拍摄过程中的痛点与需求，所以我们才确定先从视频拍摄防抖点切入，同时也帮助用户进行视频的轻松剪辑及分享。”', '/image/article/10.jpg', 'OPPO', 22, 4);
INSERT INTO `t_article` VALUES (11, '国务院关税税则委员会公布《中华人民共和国进出口税则（2020）》', '2019-12-30', '人民网', '人民网北京12月30日电 记者从财政部获悉，根据《中华人民共和国进出口关税条例》及相关规定，国务院关税税则委员会印发公告，公布《中华人民共和国进出口税则（2020）》（以下简称2020版《税则》），自', '人民网北京12月30日电 记者从财政部获悉，根据《中华人民共和国进出口关税条例》及相关规定，国务院关税税则委员会印发公告，公布《中华人民共和国进出口税则（2020）》（以下简称2020版《税则》），自2020年1月1日起实施。　《中华人民共和国进出口税则》（以下简称《税则》）是《进出口关税条例》的组成部分，包括根据国家关税政策以及有关国际协定确定的进出口关税税目、税率及归类规则，是海关计征关税的依据。2020版《税则》进出口税目，与2019版《税则》相同，未做调整；2020版《税则》最惠国税率、进口暂定税率、协定税率和特惠税率，在2019版《税则》基础上，根据《国务院关税税则委员会关于进口暂定税率等调整方案的通知》（税委会〔2019〕50号）进行了调整。除2020版《税则》中已公布的税目税率外，法律、行政法规等对进出口关税税目、税率调整另有规定的，仍依照法律、行政法规等实行。公布2020版《税则》，有利于继续保持关税政策透明度，为公众提供更多便利，也有利于持续优化营商环境，推进贸易高质量发展。', '/image/article/11.jpg', '关税税则', 33, 5);
INSERT INTO `t_article` VALUES (12, '前三季度我国际收支保持基本平衡', '2019-12-30', '经济日报', '　12月27日，国家外汇管理局公布了2019年三季度及前三季度国际收支平衡表正式数、2019年9月末国际投资头寸表。国家外汇管理局新闻发言人、总经济师王春英表示，从国际收支平衡表来看，2019年前三季', '　12月27日，国家外汇管理局公布了2019年三季度及前三季度国际收支平衡表正式数、2019年9月末国际投资头寸表。国家外汇管理局新闻发言人、总经济师王春英表示，从国际收支平衡表来看，2019年前三季度，我国经常账户呈现顺差，跨境资金呈现净流入，国际收支保持基本平衡。　经常账户呈现顺差。2019年前三季度，经常账户顺差1374亿美元，与同期国内生产总值之比为1.3%，处于合理的顺差区间。其中，国际收支口径的货物贸易顺差3399亿美元，同比增长33%；服务贸易逆差2018亿美元，下降12%。服务贸易项下，旅行、运输和知识产权使用费逆差分别下降8%、14%和10%。　非储备性质金融账户呈现顺差。2019年前三季度，非储备性质金融账户顺差205亿美元。直接投资净流入301亿美元，其中，我国对外直接投资695亿美元，外国来华直接投资995亿美元。证券投资净流入430亿美元，其中，我国对外证券投资632亿美元，外国来华证券投资1062亿美元。“总体来看，在复杂多变的外部环境下，我国经济稳中向好、长期向好的基本趋势没有改变，经济运行在合理区间，高水平对外开放持续推进，预计全年我国国际收支将呈现总体稳定、基本平衡的格局。”王春英说。王春英表示，从国际投资头寸表来看，2019年9月末，我国国际投资头寸状况保持稳健，对外净资产继续增加，储备资产规模仍位列全球第一。具体来看，对外金融资产总规模略有增加。2019年9月末，我国对外资产74681亿美元，较6月末增长0.3%。其中，对外直接投资资产19695亿美元，增长0.9%；对外证券投资资产5849亿美元，增长4.4%；对外其他投资资产17019亿美元，增长0.3%；储备资产32045亿美元，位列全球第一。　同时，对外负债有所下降。2019年9月末，我国对外负债53119亿美元，较6月末下降1.9%，主要受汇率变动和价值重估的影响。其中，来华直接投资负债27773亿美元，下降2.0%；对外证券投资负债12208亿美元，下降3.4%；对外其他投资负债13025亿美元，下降0.7%。', '/image/article/12.jpg', '我国际收支', 26, 5);
INSERT INTO `t_article` VALUES (13, '声入人心》成员简弘亦结婚 晒结婚证公布喜讯', '2019-12-30', ' 新华网', '在微博无意中刷到了一则重大新闻，又有人官宣领证了，那就是创作歌手简弘亦，他在微博中写道：“未来，有你 愿我如星君如月”，还晒出手持结婚证的照片。照片中，他与老婆用结婚证挡住了半张脸，看上去十分甜蜜。不', '在微博无意中刷到了一则重大新闻，又有人官宣领证了，那就是创作歌手简弘亦，他在微博中写道：“未来，有你 愿我如星君如月”，还晒出手持结婚证的照片。照片中，他与老婆用结婚证挡住了半张脸，看上去十分甜蜜。在微博无意中刷到了一则重大新闻，又有人官宣领证了，那就是创作歌手简弘亦，他在微博中写道：“未来，有你 愿我如星君如月”，还晒出手持结婚证的照片。照片中，他与老婆用结婚证挡住了半张脸，看上去十分甜蜜。不愧是创作型歌手，写的爱的宣言都这么有意境、有诗意，不要太甜蜜啊。更为甜蜜的是，他官宣的时间都选的那么用心，在13:14分发布，这预示着一生一世，被甜齁到了。大家对于简弘亦可能会比较陌生，不过关注《声入人心》这档节目的应该会熟悉，他在里面的表演非常出彩。简弘亦，周传雄的关门弟子，出道多年，在音乐上颇有天赋，但在娱乐圈一直不温不火。\r\n\r\n在微博无意中刷到了一则重大新闻，又有人官宣领证了，那就是创作歌手简弘亦，他在微博中写道：“未来，有你 愿我如星君如月”，还晒出手持结婚证的照片。照片中，他与老婆用结婚证挡住了半张脸，看上去十分甜蜜。不愧是创作型歌手，写的爱的宣言都这么有意境、有诗意，不要太甜蜜啊。更为甜蜜的是，他官宣的时间都选的那么用心，在13:14分发布，这预示着一生一世，被甜齁到了。大家对于简弘亦可能会比较陌生，不过关注《声入人心》这档节目的应该会熟悉，他在里面的表演非常出彩。简弘亦，周传雄的关门弟子，出道多年，在音乐上颇有天赋，但在娱乐圈一直不温不火。去年，他参加了《声入人心》比赛，因为唱了毛不易的《不染》，引起了不少关注。今年，他还在热播剧《都挺好》里演唱了插曲《就当从没发生过》。观众和粉丝知道后也是纷纷把祝福送给他们，还留言道：闷声干大事，简老师是非常有才华的音乐人！很高产，给兄弟们写歌，邀请来参加自己的音乐会！祝福简老师，也恭喜啦期待之后的新创作！期待一下伴郎团可以吗？嫂子看起来好漂亮！简老师也太幸福了。\r\n\r\n在微博无意中刷到了一则重大新闻，又有人官宣领证了，那就是创作歌手简弘亦，他在微博中写道：“未来，有你 愿我如星君如月”，还晒出手持结婚证的照片。照片中，他与老婆用结婚证挡住了半张脸，看上去十分甜蜜。不愧是创作型歌手，写的爱的宣言都这么有意境、有诗意，不要太甜蜜啊。更为甜蜜的是，他官宣的时间都选的那么用心，在13:14分发布，这预示着一生一世，被甜齁到了。大家对于简弘亦可能会比较陌生，不过关注《声入人心》这档节目的应该会熟悉，他在里面的表演非常出彩。简弘亦，周传雄的关门弟子，出道多年，在音乐上颇有天赋，但在娱乐圈一直不温不火。去年，他参加了《声入人心》比赛，因为唱了毛不易的《不染》，引起了不少关注。今年，他还在热播剧《都挺好》里演唱了插曲《就当从没发生过》。观众和粉丝知道后也是纷纷把祝福送给他们，还留言道：闷声干大事，简老师是非常有才华的音乐人！很高产，给兄弟们写歌，邀请来参加自己的音乐会！祝福简老师，也恭喜啦期待之后的新创作！期待一下伴郎团可以吗？嫂子看起来好漂亮！简老师也太幸福了。\r\n\r\n在微博无意中刷到了一则重大新闻，又有人官宣领证了，那就是创作歌手简弘亦，他在微博中写道：“未来，有你 愿我如星君如月”，还晒出手持结婚证的照片。照片中，他与老婆用结婚证挡住了半张脸，看上去十分甜蜜。不愧是创作型歌手，写的爱的宣言都这么有意境、有诗意，不要太甜蜜啊。更为甜蜜的是，他官宣的时间都选的那么用心，在13:14分发布，这预示着一生一世，被甜齁到了。大家对于简弘亦可能会比较陌生，不过关注《声入人心》这档节目的应该会熟悉，他在里面的表演非常出彩。简弘亦，周传雄的关门弟子，出道多年，在音乐上颇有天赋，但在娱乐圈一直不温不火。去年，他参加了《声入人心》比赛，因为唱了毛不易的《不染》，引起了不少关注。今年，他还在热播剧《都挺好》里演唱了插曲《就当从没发生过》。观众和粉丝知道后也是纷纷把祝福送给他们，还留言道：闷声干大事，简老师是非常有才华的音乐人！很高产，给兄弟们写歌，邀请来参加自己的音乐会！祝福简老师，也恭喜啦期待之后的新创作！期待一下伴郎团可以吗？嫂子看起来好漂亮！简老师也太幸福了。\r\n\r\n在微博无意中刷到了一则重大新闻，又有人官宣领证了，那就是创作歌手简弘亦，他在微博中写道：“未来，有你 愿我如星君如月”，还晒出手持结婚证的照片。照片中，他与老婆用结婚证挡住了半张脸，看上去十分甜蜜。不愧是创作型歌手，写的爱的宣言都这么有意境、有诗意，不要太甜蜜啊。更为甜蜜的是，他官宣的时间都选的那么用心，在13:14分发布，这预示着一生一世，被甜齁到了。大家对于简弘亦可能会比较陌生，不过关注《声入人心》这档节目的应该会熟悉，他在里面的表演非常出彩。简弘亦，周传雄的关门弟子，出道多年，在音乐上颇有天赋，但在娱乐圈一直不温不火。去年，他参加了《声入人心》比赛，因为唱了毛不易的《不染》，引起了不少关注。今年，他还在热播剧《都挺好》里演唱了插曲《就当从没发生过》。观众和粉丝知道后也是纷纷把祝福送给他们，还留言道：闷声干大事，简老师是非常有才华的音乐人！很高产，给兄弟们写歌，邀请来参加自己的音乐会！祝福简老师，也恭喜啦期待之后的新创作！期待一下伴郎团可以吗？嫂子看起来好漂亮！简老师也太幸福了。', '/image/article/13.jpg', '简弘亦', 70, 6);

-- ----------------------------
-- Table structure for t_category
-- ----------------------------
DROP TABLE IF EXISTS `t_category`;
CREATE TABLE `t_category`  (
  `id` int(11) NOT NULL AUTO_INCREMENT,
  `category_name` varchar(10) CHARACTER SET utf8 COLLATE utf8_general_ci NULL DEFAULT NULL COMMENT '类别名',
  PRIMARY KEY (`id`) USING BTREE
) ENGINE = InnoDB AUTO_INCREMENT = 8 CHARACTER SET = utf8mb4 COLLATE = utf8mb4_general_ci COMMENT = '分类表' ROW_FORMAT = Compact;

-- ----------------------------
-- Records of t_category
-- ----------------------------
INSERT INTO `t_category` VALUES (1, '政治');
INSERT INTO `t_category` VALUES (2, '体育');
INSERT INTO `t_category` VALUES (3, '军事');
INSERT INTO `t_category` VALUES (4, '科技');
INSERT INTO `t_category` VALUES (5, '经济');
INSERT INTO `t_category` VALUES (6, '娱乐');

-- ----------------------------
-- Table structure for t_remark
-- ----------------------------
DROP TABLE IF EXISTS `t_remark`;
CREATE TABLE `t_remark`  (
  `id` int(11) NOT NULL AUTO_INCREMENT,
  `publisherid` int(11) NULL DEFAULT NULL COMMENT '评论发布者id',
  `articleid` int(11) NULL DEFAULT NULL COMMENT '所属文章id',
  `content` varchar(255) CHARACTER SET utf8 COLLATE utf8_general_ci NULL DEFAULT NULL COMMENT '评论内容',
  PRIMARY KEY (`id`) USING BTREE,
  INDEX `fk_remark_user`(`publisherid`) USING BTREE,
  INDEX `fk_remark_article`(`articleid`) USING BTREE,
  CONSTRAINT `fk_remark_article` FOREIGN KEY (`articleid`) REFERENCES `t_article` (`id`) ON DELETE RESTRICT ON UPDATE RESTRICT,
  CONSTRAINT `fk_remark_user` FOREIGN KEY (`publisherid`) REFERENCES `t_user` (`id`) ON DELETE RESTRICT ON UPDATE RESTRICT
) ENGINE = InnoDB AUTO_INCREMENT = 1 CHARACTER SET = utf8mb4 COLLATE = utf8mb4_general_ci COMMENT = '评论表' ROW_FORMAT = Compact;

-- ----------------------------
-- Table structure for t_report
-- ----------------------------
DROP TABLE IF EXISTS `t_report`;
CREATE TABLE `t_report`  (
  `id` int(11) NOT NULL AUTO_INCREMENT,
  `userid` int(11) NULL DEFAULT NULL COMMENT '举报用户id',
  `articleid` int(11) NULL DEFAULT NULL COMMENT '被举报文章id',
  `reportdate` datetime(0) NULL DEFAULT NULL COMMENT '举报日期',
  `is_checked` int(11) NULL DEFAULT NULL COMMENT '举报是否审核',
  `is_passed` int(11) NULL DEFAULT NULL COMMENT '举报是否通过',
  PRIMARY KEY (`id`) USING BTREE,
  INDEX `fk_report_user`(`userid`) USING BTREE,
  INDEX `fk_report_article`(`articleid`) USING BTREE,
  CONSTRAINT `fk_report_article` FOREIGN KEY (`articleid`) REFERENCES `t_article` (`id`) ON DELETE RESTRICT ON UPDATE RESTRICT,
  CONSTRAINT `fk_report_user` FOREIGN KEY (`userid`) REFERENCES `t_user` (`id`) ON DELETE RESTRICT ON UPDATE RESTRICT
) ENGINE = InnoDB AUTO_INCREMENT = 4 CHARACTER SET = utf8mb4 COLLATE = utf8mb4_general_ci COMMENT = '举报表' ROW_FORMAT = Compact;

-- ----------------------------
-- Records of t_report
-- ----------------------------
INSERT INTO `t_report` VALUES (1, 3, 1, '2019-12-31 17:14:10', 1, 1);
INSERT INTO `t_report` VALUES (2, 4, 1, '2020-01-01 21:15:52', 1, 1);
INSERT INTO `t_report` VALUES (3, 3, 2, '2020-01-01 22:00:04', 1, 0);

-- ----------------------------
-- Table structure for t_user
-- ----------------------------
DROP TABLE IF EXISTS `t_user`;
CREATE TABLE `t_user`  (
  `id` int(11) NOT NULL AUTO_INCREMENT,
  `name` varchar(11) CHARACTER SET utf8mb4 COLLATE utf8mb4_general_ci NULL DEFAULT NULL COMMENT '姓名',
  `user_name` varchar(20) CHARACTER SET utf8 COLLATE utf8_general_ci NULL DEFAULT NULL COMMENT '账号',
  `password` varchar(20) CHARACTER SET utf8 COLLATE utf8_general_ci NULL DEFAULT NULL COMMENT '密码',
  `email` varchar(20) CHARACTER SET utf8 COLLATE utf8_general_ci NULL DEFAULT NULL COMMENT '邮箱',
  PRIMARY KEY (`id`) USING BTREE
) ENGINE = InnoDB AUTO_INCREMENT = 11 CHARACTER SET = utf8mb4 COLLATE = utf8mb4_general_ci COMMENT = '用户表' ROW_FORMAT = Compact;

-- ----------------------------
-- Records of t_user
-- ----------------------------
INSERT INTO `t_user` VALUES (3, '颜涛', '997784753', '123456', '997784753@qq.com');
INSERT INTO `t_user` VALUES (4, '熊伟', 'xw', '123456', '994562137@qq.com');
INSERT INTO `t_user` VALUES (7, 'Admin', '管理员', '123456', '9627778@qq.com');
INSERT INTO `t_user` VALUES (10, 'xww', 'xww', '123456', '123@123.com');

-- ----------------------------
-- Table structure for t_userlikecategory
-- ----------------------------
DROP TABLE IF EXISTS `t_userlikecategory`;
CREATE TABLE `t_userlikecategory`  (
  `user_like_category_id` int(11) NOT NULL AUTO_INCREMENT,
  `category_id` int(11) NULL DEFAULT NULL COMMENT '类别id',
  `usesr_id` int(11) NULL DEFAULT NULL COMMENT '用户id',
  `article_id` int(11) NULL DEFAULT NULL COMMENT ' 新闻id',
  PRIMARY KEY (`user_like_category_id`) USING BTREE,
  INDEX `fk_userlikecategory_category`(`category_id`) USING BTREE,
  INDEX `fk_userlikecategory_user`(`usesr_id`) USING BTREE,
  INDEX `article_id`(`article_id`) USING BTREE,
  CONSTRAINT `article_id` FOREIGN KEY (`article_id`) REFERENCES `t_article` (`id`) ON DELETE RESTRICT ON UPDATE RESTRICT,
  CONSTRAINT `fk_userlikecategory_category` FOREIGN KEY (`category_id`) REFERENCES `t_category` (`id`) ON DELETE RESTRICT ON UPDATE RESTRICT,
  CONSTRAINT `fk_userlikecategory_user` FOREIGN KEY (`usesr_id`) REFERENCES `t_user` (`id`) ON DELETE RESTRICT ON UPDATE RESTRICT
) ENGINE = InnoDB AUTO_INCREMENT = 5 CHARACTER SET = utf8mb4 COLLATE = utf8mb4_general_ci COMMENT = '用户喜欢的类别表' ROW_FORMAT = Compact;

-- ----------------------------
-- Records of t_userlikecategory
-- ----------------------------
INSERT INTO `t_userlikecategory` VALUES (1, 2, 4, 7);
INSERT INTO `t_userlikecategory` VALUES (2, 3, 4, 2);
INSERT INTO `t_userlikecategory` VALUES (3, 6, 4, 13);

SET FOREIGN_KEY_CHECKS = 1;
